{
  "num_features": 40,
  "handcrafted_features": 8,
  "embedding_features": 32,
  "embedding_method": "pca",
  "feature_names": [
    "mean_amplitude",
    "std_amplitude",
    "min_amplitude",
    "max_amplitude",
    "rms_amplitude",
    "energy",
    "zero_crossings",
    "dominant_frequency",
    "embedding_0",
    "embedding_1",
    "embedding_2",
    "embedding_3",
    "embedding_4",
    "embedding_5",
    "embedding_6",
    "embedding_7",
    "embedding_8",
    "embedding_9",
    "embedding_10",
    "embedding_11",
    "embedding_12",
    "embedding_13",
    "embedding_14",
    "embedding_15",
    "embedding_16",
    "embedding_17",
    "embedding_18",
    "embedding_19",
    "embedding_20",
    "embedding_21",
    "embedding_22",
    "embedding_23",
    "embedding_24",
    "embedding_25",
    "embedding_26",
    "embedding_27",
    "embedding_28",
    "embedding_29",
    "embedding_30",
    "embedding_31"
  ],
  "num_samples": 500,
  "embeddings_enabled": true,
  "embedder_summary": {
    "method": "pca",
    "explained_variance": 0.39380598068237305,
    "reconstruction_mse": 0.6061940789222717,
    "embedding_dim": 32,
    "n_components": 32
  },
  "feature_statistics": {
    "mean_amplitude": {
      "mean": -2.1825281461607666,
      "std": 18.0895841361055,
      "min": -83.2402572631836,
      "max": 58.738094329833984
    },
    "std_amplitude": {
      "mean": 2471.9019063720702,
      "std": 197.06531216976123,
      "min": 302.69232177734375,
      "max": 3225.05029296875
    },
    "min_amplitude": {
      "mean": -13163.62,
      "std": 4059.208323803062,
      "min": -26048.0,
      "max": -2138.0
    },
    "max_amplitude": {
      "mean": 10237.186,
      "std": 2848.1935285644327,
      "min": 3836.0,
      "max": 28127.0
    },
    "rms_amplitude": {
      "mean": 2471.9684381103516,
      "std": 197.07081932676067,
      "min": 302.74249267578125,
      "max": 3225.3662109375
    },
    "energy": {
      "mean": 2841016875.544,
      "std": 399973670.9489685,
      "min": 42343692.0,
      "max": 4806179840.0
    },
    "zero_crossings": {
      "mean": 154.638,
      "std": 14.779710270209721,
      "min": 6.0,
      "max": 181.0
    },
    "dominant_frequency": {
      "mean": 0.18636796536796538,
      "std": 0.06324477931932865,
      "min": 0.021645021645021644,
      "max": 0.2813852813852814
    },
    "embedding_0": {
      "mean": 6.866454782539222e-08,
      "std": 3.8250463008880615,
      "min": -5.698486328125,
      "max": 23.360198974609375
    },
    "embedding_1": {
      "mean": -1.525878978725359e-08,
      "std": 2.803879976272583,
      "min": -7.534088611602783,
      "max": 7.9128313064575195
    },
    "embedding_2": {
      "mean": 4.577636758540393e-08,
      "std": 2.7620112895965576,
      "min": -8.944974899291992,
      "max": 9.17087173461914
    },
    "embedding_3": {
      "mean": -4.577636758540393e-08,
      "std": 2.706883430480957,
      "min": -8.34999942779541,
      "max": 8.793863296508789
    },
    "embedding_4": {
      "mean": 2.6702881683604573e-08,
      "std": 2.645461320877075,
      "min": -6.850914001464844,
      "max": 7.462159633636475
    },
    "embedding_5": {
      "mean": -2.8610228852699038e-08,
      "std": 2.606600284576416,
      "min": -7.773932456970215,
      "max": 8.501916885375977
    },
    "embedding_6": {
      "mean": 0.0,
      "std": 2.5823893547058105,
      "min": -6.529629707336426,
      "max": 7.809076309204102
    },
    "embedding_7": {
      "mean": -4.1961669694501325e-08,
      "std": 2.528534412384033,
      "min": -6.529860019683838,
      "max": 7.453049659729004
    },
    "embedding_8": {
      "mean": 1.1444091896350983e-08,
      "std": 2.4827754497528076,
      "min": -6.364265441894531,
      "max": 7.792143821716309
    },
    "embedding_9": {
      "mean": -5.7220457705398076e-08,
      "std": 2.4551620483398438,
      "min": -6.993470191955566,
      "max": 7.588892459869385
    },
    "embedding_10": {
      "mean": 3.814697446813398e-09,
      "std": 2.43884539604187,
      "min": -6.575674057006836,
      "max": 9.276040077209473
    },
    "embedding_11": {
      "mean": -2.2888183792701966e-08,
      "std": 2.407607078552246,
      "min": -7.874129295349121,
      "max": 8.312088012695312
    },
    "embedding_12": {
      "mean": -3.433227391269611e-08,
      "std": 2.381192207336426,
      "min": -6.223817825317383,
      "max": 7.920506477355957
    },
    "embedding_13": {
      "mean": -3.051757957450718e-08,
      "std": 2.342050075531006,
      "min": -6.781319618225098,
      "max": 6.794839859008789
    },
    "embedding_14": {
      "mean": 4.959106547630654e-08,
      "std": 2.317387104034424,
      "min": -6.347399711608887,
      "max": 6.796543121337891
    },
    "embedding_15": {
      "mean": 1.3351440841802287e-08,
      "std": 2.294041872024536,
      "min": -7.202240943908691,
      "max": 7.248300552368164
    },
    "embedding_16": {
      "mean": 9.53674295089968e-09,
      "std": 2.2750091552734375,
      "min": -6.429476737976074,
      "max": 9.439018249511719
    },
    "embedding_17": {
      "mean": 1.907348723406699e-09,
      "std": 2.2390005588531494,
      "min": -6.88665246963501,
      "max": 8.118252754211426
    },
    "embedding_18": {
      "mean": 2.0980834847250662e-08,
      "std": 2.2202565670013428,
      "min": -6.93315315246582,
      "max": 7.221268177032471
    },
    "embedding_19": {
      "mean": 1.1444091896350983e-08,
      "std": 2.198256492614746,
      "min": -6.936514854431152,
      "max": 7.606742858886719
    },
    "embedding_20": {
      "mean": 7.629394893626795e-09,
      "std": 2.194164514541626,
      "min": -6.600092887878418,
      "max": 7.769292831420898
    },
    "embedding_21": {
      "mean": 7.629394893626795e-09,
      "std": 2.173153877258301,
      "min": -5.987569808959961,
      "max": 7.267407417297363
    },
    "embedding_22": {
      "mean": 2.6702881683604573e-08,
      "std": 2.16508150100708,
      "min": -5.804330825805664,
      "max": 6.191657066345215
    },
    "embedding_23": {
      "mean": 1.525878978725359e-08,
      "std": 2.1431057453155518,
      "min": -6.334461212158203,
      "max": 6.608894348144531
    },
    "embedding_24": {
      "mean": 7.629394893626795e-09,
      "std": 2.1164886951446533,
      "min": -6.16077995300293,
      "max": 7.173638343811035
    },
    "embedding_25": {
      "mean": 7.629394893626795e-09,
      "std": 2.0866270065307617,
      "min": -5.786742210388184,
      "max": 6.130244255065918
    },
    "embedding_26": {
      "mean": -5.054473817267535e-08,
      "std": 2.066218376159668,
      "min": -6.204575538635254,
      "max": 7.143861770629883
    },
    "embedding_27": {
      "mean": 3.814697446813398e-09,
      "std": 2.0403125286102295,
      "min": -5.9790496826171875,
      "max": 6.656244277954102
    },
    "embedding_28": {
      "mean": 1.525878978725359e-08,
      "std": 2.038402795791626,
      "min": -5.385541915893555,
      "max": 5.993204116821289
    },
    "embedding_29": {
      "mean": -1.525878978725359e-08,
      "std": 2.023643732070923,
      "min": -4.702288627624512,
      "max": 5.27829647064209
    },
    "embedding_30": {
      "mean": 2.2888183792701966e-08,
      "std": 2.001767873764038,
      "min": -5.834333896636963,
      "max": 7.13006067276001
    },
    "embedding_31": {
      "mean": 2.2888183792701966e-08,
      "std": 1.9958652257919312,
      "min": -6.564703941345215,
      "max": 8.35457992553711
    }
  }
}